,time,Download,Uploads
0,22:15:30,43.76174198920338,10.13404491324665
1,22:17:55,22.290972425251244,15.217527067590236
2,22:20:19,22.70234317845983,8.97882598250707
3,22:22:43,23.215835466828878,8.763758186438976
